{
  "config": {
    "n_strains": 200,
    "n_antibiotics": 13,
    "n_genes": 30,
    "n_virulence": 20,
    "base_prevalence_mean": 0.35,
    "base_prevalence_std": 0.2,
    "correlation_strength": 0.7,
    "noise_level": 0.05,
    "mdr_proportion": 0.4,
    "random_state": 42
  },
  "true_prevalences": {
    "Oxytetracycline": 0.2892367581546475,
    "Doxycycline": 0.35199000983658946,
    "Tulathromycin": 0.4786576555301105,
    "Spectinomycin": 0.36288331266385404,
    "Gentamicin": 0.5170218032171552,
    "Tiamulin": 0.6121181304462726,
    "Trimethoprim_Sulphamethoxazole": 0.3686184185740766,
    "Enrofloxacin": 0.17251317590900364,
    "Penicillin": 0.4294554944490737,
    "Ampicillin": 0.6614062682378883,
    "Amoxicillin_Clavulanic_acid": 0.19040221922552691,
    "Ceftiofur": 0.39237539815472416,
    "Florfenicol": 0.6365807745499921,
    "AMR_Gene_01": 0.37258306868664415,
    "AMR_Gene_02": 0.01,
    "AMR_Gene_03": 0.06029747962925483,
    "AMR_Gene_04": 0.20996236629457043,
    "AMR_Gene_05": 0.1514972836719983,
    "AMR_Gene_06": 0.7974563656995519,
    "AMR_Gene_07": 0.01,
    "AMR_Gene_08": 0.18407823475533855,
    "AMR_Gene_09": 0.11741327997752173,
    "AMR_Gene_10": 0.01,
    "AMR_Gene_11": 0.11310255239872172,
    "AMR_Gene_12": 0.04385111826006222,
    "AMR_Gene_13": 0.45257612218732224,
    "AMR_Gene_14": 0.130010873323098,
    "AMR_Gene_15": 0.40377644542469676,
    "AMR_Gene_16": 0.5862599791818907,
    "AMR_Gene_17": 0.23798353205743603,
    "AMR_Gene_18": 0.6888040472035166,
    "AMR_Gene_19": 0.23048799586079158,
    "AMR_Gene_20": 0.49387150819695935,
    "AMR_Gene_21": 0.3140167134457837,
    "AMR_Gene_22": 0.3944134665989802,
    "AMR_Gene_23": 0.01,
    "AMR_Gene_24": 0.31396934441449437,
    "AMR_Gene_25": 0.1113864974870601,
    "AMR_Gene_26": 0.07940426420455861,
    "AMR_Gene_27": 0.18621730867260586,
    "AMR_Gene_28": 0.1421076746971032,
    "AMR_Gene_29": 0.021507666468311464,
    "AMR_Gene_30": 0.051480181544259804,
    "Virulence_01": 0.015405119543500375,
    "Virulence_02": 0.06134173500455957,
    "Virulence_03": 0.19006882304695602,
    "Virulence_04": 0.4994666418807557,
    "Virulence_05": 0.35937680271849454,
    "Virulence_06": 0.3191761873407733,
    "Virulence_07": 0.09280429104191222,
    "Virulence_08": 0.2871726629900825,
    "Virulence_09": 0.09882695306445682,
    "Virulence_10": 0.03228217609944137,
    "Virulence_11": 0.2647944272584037,
    "Virulence_12": 0.15409169947078818,
    "Virulence_13": 0.2215022520770806,
    "Virulence_14": 0.23883630087112379,
    "Virulence_15": 0.02617636459304001,
    "Virulence_16": 0.25660194582732926,
    "Virulence_17": 0.31572281269390884,
    "Virulence_18": 0.07961100308969002,
    "Virulence_19": 0.01,
    "Virulence_20": 0.44899721352697297
  },
  "true_correlations": [
    {
      "feature1": "Oxytetracycline",
      "feature2": "AMR_Gene_01",
      "correlation": 0.7
    },
    {
      "feature1": "Spectinomycin",
      "feature2": "AMR_Gene_04",
      "correlation": 0.7
    },
    {
      "feature1": "Trimethoprim_Sulphamethoxazole",
      "feature2": "AMR_Gene_07",
      "correlation": 0.7
    },
    {
      "feature1": "Ampicillin",
      "feature2": "AMR_Gene_10",
      "correlation": 0.7
    },
    {
      "feature1": "Florfenicol",
      "feature2": "AMR_Gene_13",
      "correlation": 0.7
    }
  ],
  "true_mdr_count": 195,
  "true_mdr_proportion": 0.975,
  "antibiotic_columns": [
    "Oxytetracycline",
    "Doxycycline",
    "Tulathromycin",
    "Spectinomycin",
    "Gentamicin",
    "Tiamulin",
    "Trimethoprim_Sulphamethoxazole",
    "Enrofloxacin",
    "Penicillin",
    "Ampicillin",
    "Amoxicillin_Clavulanic_acid",
    "Ceftiofur",
    "Florfenicol"
  ],
  "gene_columns": [
    "AMR_Gene_01",
    "AMR_Gene_02",
    "AMR_Gene_03",
    "AMR_Gene_04",
    "AMR_Gene_05",
    "AMR_Gene_06",
    "AMR_Gene_07",
    "AMR_Gene_08",
    "AMR_Gene_09",
    "AMR_Gene_10",
    "AMR_Gene_11",
    "AMR_Gene_12",
    "AMR_Gene_13",
    "AMR_Gene_14",
    "AMR_Gene_15",
    "AMR_Gene_16",
    "AMR_Gene_17",
    "AMR_Gene_18",
    "AMR_Gene_19",
    "AMR_Gene_20",
    "AMR_Gene_21",
    "AMR_Gene_22",
    "AMR_Gene_23",
    "AMR_Gene_24",
    "AMR_Gene_25",
    "AMR_Gene_26",
    "AMR_Gene_27",
    "AMR_Gene_28",
    "AMR_Gene_29",
    "AMR_Gene_30"
  ],
  "virulence_columns": [
    "Virulence_01",
    "Virulence_02",
    "Virulence_03",
    "Virulence_04",
    "Virulence_05",
    "Virulence_06",
    "Virulence_07",
    "Virulence_08",
    "Virulence_09",
    "Virulence_10",
    "Virulence_11",
    "Virulence_12",
    "Virulence_13",
    "Virulence_14",
    "Virulence_15",
    "Virulence_16",
    "Virulence_17",
    "Virulence_18",
    "Virulence_19",
    "Virulence_20"
  ],
  "generation_timestamp": "2026-01-19T23:45:21.010733",
  "generation_method": "Poisson/Gaussian/Binomial hybrid with Beta prevalences"
}